issue_id,file_path
ERRAI-259,./Dataset/errai_dataset/train_CC/5146.java
ERRAI-539,./Dataset/errai_dataset/train_CC/3958.java
ERRAI-500,./Dataset/errai_dataset/train_CC/3088.java
ERRAI-539,./Dataset/errai_dataset/train_CC/3952.java
ERRAI-259,./Dataset/errai_dataset/train_CC/5284.java
ERRAI-259,./Dataset/errai_dataset/train_CC/5300.java
ERRAI-259,./Dataset/errai_dataset/train_CC/5206.java
ERRAI-315,./Dataset/errai_dataset/train_CC/5018.java
ERRAI-431,./Dataset/errai_dataset/train_CC/4506.java
ERRAI-259,./Dataset/errai_dataset/train_CC/5251.java
ERRAI-235,./Dataset/errai_dataset/train_CC/2939.java
ERRAI-320,./Dataset/errai_dataset/train_CC/3958.java
ERRAI-891,./Dataset/errai_dataset/train_CC/1126.java
ERRAI-314,./Dataset/errai_dataset/train_CC/4724.java
ERRAI-259,./Dataset/errai_dataset/train_CC/5187.java
ERRAI-446,./Dataset/errai_dataset/train_CC/4164.java
ERRAI-775,./Dataset/errai_dataset/train_CC/2711.java
ERRAI-475,./Dataset/errai_dataset/train_CC/4240.java
ERRAI-319,./Dataset/errai_dataset/train_CC/1494.java
ERRAI-670,./Dataset/errai_dataset/train_CC/3296.java
ERRAI-259,./Dataset/errai_dataset/train_CC/5204.java
ERRAI-1026,./Dataset/errai_dataset/train_CC/385.java
ERRAI-916,./Dataset/errai_dataset/train_CC/934.java
ERRAI-649,./Dataset/errai_dataset/train_CC/1058.java
ERRAI-756,./Dataset/errai_dataset/train_CC/554.java
ERRAI-259,./Dataset/errai_dataset/train_CC/5223.java
ERRAI-434,./Dataset/errai_dataset/train_CC/4489.java
ERRAI-566,./Dataset/errai_dataset/train_CC/3866.java
ERRAI-259,./Dataset/errai_dataset/train_CC/5166.java
ERRAI-916,./Dataset/errai_dataset/train_CC/1037.java
ERRAI-805,./Dataset/errai_dataset/train_CC/1040.java
ERRAI-504,./Dataset/errai_dataset/train_CC/4163.java
ERRAI-668,./Dataset/errai_dataset/train_CC/3343.java
ERRAI-366,./Dataset/errai_dataset/train_CC/4137.java
ERRAI-489,./Dataset/errai_dataset/train_CC/4160.java
ERRAI-259,./Dataset/errai_dataset/train_CC/5272.java
ERRAI-259,./Dataset/errai_dataset/train_CC/5152.java
ERRAI-757,./Dataset/errai_dataset/train_CC/575.java
ERRAI-700,./Dataset/errai_dataset/train_CC/2947.java
ERRAI-682,./Dataset/errai_dataset/train_CC/1055.java
ERRAI-313,./Dataset/errai_dataset/train_CC/2947.java
ERRAI-315,./Dataset/errai_dataset/train_CC/2550.java
ERRAI-775,./Dataset/errai_dataset/train_CC/2717.java
ERRAI-554,./Dataset/errai_dataset/train_CC/983.java
ERRAI-517,./Dataset/errai_dataset/train_CC/4017.java
ERRAI-1027,./Dataset/errai_dataset/train_CC/368.java
ERRAI-350,./Dataset/errai_dataset/train_CC/4752.java
ERRAI-699,./Dataset/errai_dataset/train_CC/3162.java
ERRAI-259,./Dataset/errai_dataset/train_CC/5248.java
ERRAI-747,./Dataset/errai_dataset/train_CC/1453.java
ERRAI-554,./Dataset/errai_dataset/train_CC/547.java
ERRAI-259,./Dataset/errai_dataset/train_CC/5162.java
ERRAI-554,./Dataset/errai_dataset/train_CC/3894.java
ERRAI-462,./Dataset/errai_dataset/train_CC/4282.java
ERRAI-743,./Dataset/errai_dataset/train_CC/2995.java
ERRAI-462,./Dataset/errai_dataset/train_CC/4299.java
ERRAI-480,./Dataset/errai_dataset/train_CC/2531.java
ERRAI-775,./Dataset/errai_dataset/train_CC/2718.java
ERRAI-163,./Dataset/errai_dataset/train_CC/5467.java
ERRAI-410,./Dataset/errai_dataset/train_CC/4606.java
ERRAI-462,./Dataset/errai_dataset/train_CC/4302.java
ERRAI-668,./Dataset/errai_dataset/train_CC/3357.java
ERRAI-517,./Dataset/errai_dataset/train_CC/4014.java
ERRAI-306,./Dataset/errai_dataset/train_CC/5048.java
ERRAI-151,./Dataset/errai_dataset/train_CC/5492.java
ERRAI-696,./Dataset/errai_dataset/train_CC/3173.java
ERRAI-73,./Dataset/errai_dataset/train_CC/5528.java
ERRAI-527,./Dataset/errai_dataset/train_CC/2800.java
ERRAI-781,./Dataset/errai_dataset/train_CC/2549.java
ERRAI-668,./Dataset/errai_dataset/train_CC/3341.java
ERRAI-259,./Dataset/errai_dataset/train_CC/5267.java
ERRAI-269,./Dataset/errai_dataset/train_CC/5123.java
ERRAI-975,./Dataset/errai_dataset/train_CC/809.java
ERRAI-941,./Dataset/errai_dataset/train_CC/967.java
ERRAI-259,./Dataset/errai_dataset/train_CC/5287.java
ERRAI-726,./Dataset/errai_dataset/train_CC/3025.java
ERRAI-554,./Dataset/errai_dataset/train_CC/3877.java
ERRAI-651,./Dataset/errai_dataset/train_CC/33.java
ERRAI-862,./Dataset/errai_dataset/train_CC/2423.java
ERRAI-668,./Dataset/errai_dataset/train_CC/3343.java
ERRAI-975,./Dataset/errai_dataset/train_CC/807.java
ERRAI-610,./Dataset/errai_dataset/train_CC/3525.java
ERRAI-832,./Dataset/errai_dataset/train_CC/2464.java
ERRAI-993,./Dataset/errai_dataset/train_CC/607.java
ERRAI-259,./Dataset/errai_dataset/train_CC/5280.java
ERRAI-282,./Dataset/errai_dataset/train_CC/2477.java
ERRAI-554,./Dataset/errai_dataset/train_CC/3923.java
ERRAI-276,./Dataset/errai_dataset/train_CC/3879.java
ERRAI-1022,./Dataset/errai_dataset/train_CC/416.java
ERRAI-259,./Dataset/errai_dataset/train_CC/5230.java
ERRAI-163,./Dataset/errai_dataset/train_CC/5468.java
ERRAI-47,./Dataset/errai_dataset/train_CC/5552.java
ERRAI-259,./Dataset/errai_dataset/train_CC/5178.java
ERRAI-178,./Dataset/errai_dataset/train_CC/3601.java
ERRAI-1022,./Dataset/errai_dataset/train_CC/409.java
ERRAI-259,./Dataset/errai_dataset/train_CC/5278.java
ERRAI-842,./Dataset/errai_dataset/train_CC/510.java
ERRAI-832,./Dataset/errai_dataset/train_CC/2462.java
ERRAI-549,./Dataset/errai_dataset/train_CC/32.java
ERRAI-259,./Dataset/errai_dataset/train_CC/5238.java
ERRAI-700,./Dataset/errai_dataset/train_CC/2477.java
ERRAI-331,./Dataset/errai_dataset/train_CC/4398.java
ERRAI-259,./Dataset/errai_dataset/train_CC/5252.java
ERRAI-981,./Dataset/errai_dataset/train_CC/707.java
ERRAI-747,./Dataset/errai_dataset/train_CC/2963.java
ERRAI-783,./Dataset/errai_dataset/train_CC/553.java
ERRAI-669,./Dataset/errai_dataset/train_CC/385.java
ERRAI-769,./Dataset/errai_dataset/train_CC/2707.java
ERRAI-604,./Dataset/errai_dataset/train_CC/3716.java
ERRAI-963,./Dataset/errai_dataset/train_CC/884.java
ERRAI-259,./Dataset/errai_dataset/train_CC/5292.java
ERRAI-259,./Dataset/errai_dataset/train_CC/5208.java
ERRAI-1027,./Dataset/errai_dataset/train_CC/28.java
ERRAI-462,./Dataset/errai_dataset/train_CC/4305.java
ERRAI-91,./Dataset/errai_dataset/train_CC/5526.java
ERRAI-743,./Dataset/errai_dataset/train_CC/2992.java
ERRAI-658,./Dataset/errai_dataset/train_CC/3421.java
ERRAI-359,./Dataset/errai_dataset/train_CC/1033.java
ERRAI-489,./Dataset/errai_dataset/train_CC/4185.java
ERRAI-1023,./Dataset/errai_dataset/train_CC/31.java
ERRAI-30,./Dataset/errai_dataset/train_CC/5581.java
ERRAI-554,./Dataset/errai_dataset/train_CC/3917.java
ERRAI-259,./Dataset/errai_dataset/train_CC/5207.java
ERRAI-610,./Dataset/errai_dataset/train_CC/3520.java
ERRAI-554,./Dataset/errai_dataset/train_CC/939.java
ERRAI-151,./Dataset/errai_dataset/train_CC/5483.java
ERRAI-414,./Dataset/errai_dataset/train_CC/4314.java
ERRAI-462,./Dataset/errai_dataset/train_CC/4286.java
ERRAI-669,./Dataset/errai_dataset/train_CC/26.java
ERRAI-645,./Dataset/errai_dataset/train_CC/3461.java
ERRAI-431,./Dataset/errai_dataset/train_CC/913.java
ERRAI-805,./Dataset/errai_dataset/train_CC/14.java
ERRAI-554,./Dataset/errai_dataset/train_CC/3876.java
ERRAI-985,./Dataset/errai_dataset/train_CC/27.java
ERRAI-338,./Dataset/errai_dataset/train_CC/1251.java
ERRAI-536,./Dataset/errai_dataset/train_CC/3977.java
ERRAI-527,./Dataset/errai_dataset/train_CC/547.java
ERRAI-554,./Dataset/errai_dataset/train_CC/913.java
ERRAI-527,./Dataset/errai_dataset/train_CC/2804.java
ERRAI-259,./Dataset/errai_dataset/train_CC/4933.java
ERRAI-700,./Dataset/errai_dataset/train_CC/2941.java
ERRAI-538,./Dataset/errai_dataset/train_CC/706.java
ERRAI-259,./Dataset/errai_dataset/train_CC/5142.java
ERRAI-41,./Dataset/errai_dataset/train_CC/5548.java
ERRAI-781,./Dataset/errai_dataset/train_CC/2553.java
ERRAI-414,./Dataset/errai_dataset/train_CC/913.java
ERRAI-655,./Dataset/errai_dataset/train_CC/33.java
ERRAI-527,./Dataset/errai_dataset/train_CC/34.java
ERRAI-668,./Dataset/errai_dataset/train_CC/3340.java
ERRAI-830,./Dataset/errai_dataset/train_CC/2477.java
ERRAI-259,./Dataset/errai_dataset/train_CC/5174.java
ERRAI-151,./Dataset/errai_dataset/train_CC/5480.java
ERRAI-259,./Dataset/errai_dataset/train_CC/5243.java
ERRAI-1026,./Dataset/errai_dataset/train_CC/379.java
ERRAI-259,./Dataset/errai_dataset/train_CC/5148.java
ERRAI-163,./Dataset/errai_dataset/train_CC/5465.java
ERRAI-664,./Dataset/errai_dataset/train_CC/3343.java
ERRAI-99,./Dataset/errai_dataset/train_CC/5521.java
ERRAI-980,./Dataset/errai_dataset/train_CC/14.java
ERRAI-821,./Dataset/errai_dataset/train_CC/2538.java
ERRAI-259,./Dataset/errai_dataset/train_CC/5246.java
ERRAI-916,./Dataset/errai_dataset/train_CC/1030.java
ERRAI-777,./Dataset/errai_dataset/train_CC/2702.java
ERRAI-405,./Dataset/errai_dataset/train_CC/4365.java
ERRAI-259,./Dataset/errai_dataset/train_CC/5183.java
ERRAI-424,./Dataset/errai_dataset/train_CC/4453.java
ERRAI-259,./Dataset/errai_dataset/train_CC/5239.java
ERRAI-259,./Dataset/errai_dataset/train_CC/5185.java
ERRAI-916,./Dataset/errai_dataset/train_CC/564.java
ERRAI-504,./Dataset/errai_dataset/train_CC/4156.java
ERRAI-151,./Dataset/errai_dataset/train_CC/5477.java
ERRAI-569,./Dataset/errai_dataset/train_CC/1399.java
ERRAI-593,./Dataset/errai_dataset/train_CC/3786.java
ERRAI-775,./Dataset/errai_dataset/train_CC/2720.java
ERRAI-644,./Dataset/errai_dataset/train_CC/3166.java
ERRAI-975,./Dataset/errai_dataset/train_CC/813.java
ERRAI-259,./Dataset/errai_dataset/train_CC/5296.java
ERRAI-259,./Dataset/errai_dataset/train_CC/5270.java
ERRAI-504,./Dataset/errai_dataset/train_CC/4166.java
ERRAI-668,./Dataset/errai_dataset/train_CC/3359.java
ERRAI-610,./Dataset/errai_dataset/train_CC/3521.java
ERRAI-891,./Dataset/errai_dataset/train_CC/1119.java
ERRAI-832,./Dataset/errai_dataset/train_CC/2467.java
ERRAI-554,./Dataset/errai_dataset/train_CC/3908.java
ERRAI-569,./Dataset/errai_dataset/train_CC/3076.java
ERRAI-593,./Dataset/errai_dataset/train_CC/3784.java
ERRAI-333,./Dataset/errai_dataset/train_CC/4516.java
ERRAI-554,./Dataset/errai_dataset/train_CC/925.java
ERRAI-338,./Dataset/errai_dataset/train_CC/1238.java
ERRAI-1023,./Dataset/errai_dataset/train_CC/404.java
ERRAI-489,./Dataset/errai_dataset/train_CC/4162.java
ERRAI-610,./Dataset/errai_dataset/train_CC/3527.java
ERRAI-306,./Dataset/errai_dataset/train_CC/5047.java
ERRAI-805,./Dataset/errai_dataset/train_CC/2566.java
ERRAI-775,./Dataset/errai_dataset/train_CC/2709.java
ERRAI-259,./Dataset/errai_dataset/train_CC/5274.java
ERRAI-259,./Dataset/errai_dataset/train_CC/5309.java
ERRAI-769,./Dataset/errai_dataset/train_CC/2698.java
ERRAI-658,./Dataset/errai_dataset/train_CC/45.java
ERRAI-536,./Dataset/errai_dataset/train_CC/3977.java
ERRAI-151,./Dataset/errai_dataset/train_CC/5479.java
ERRAI-539,./Dataset/errai_dataset/train_CC/3939.java
ERRAI-743,./Dataset/errai_dataset/train_CC/2707.java
ERRAI-259,./Dataset/errai_dataset/train_CC/5313.java
ERRAI-322,./Dataset/errai_dataset/train_CC/4947.java
ERRAI-405,./Dataset/errai_dataset/train_CC/4367.java
ERRAI-527,./Dataset/errai_dataset/train_CC/2787.java
ERRAI-259,./Dataset/errai_dataset/train_CC/5205.java
ERRAI-30,./Dataset/errai_dataset/train_CC/5548.java
ERRAI-315,./Dataset/errai_dataset/train_CC/4965.java
ERRAI-916,./Dataset/errai_dataset/train_CC/32.java
ERRAI-963,./Dataset/errai_dataset/train_CC/885.java
ERRAI-539,./Dataset/errai_dataset/train_CC/1259.java
ERRAI-222,./Dataset/errai_dataset/train_CC/5386.java
ERRAI-410,./Dataset/errai_dataset/train_CC/1450.java
ERRAI-30,./Dataset/errai_dataset/train_CC/5583.java
ERRAI-669,./Dataset/errai_dataset/train_CC/30.java
ERRAI-301,./Dataset/errai_dataset/train_CC/5031.java
ERRAI-985,./Dataset/errai_dataset/train_CC/31.java
ERRAI-259,./Dataset/errai_dataset/train_CC/5145.java
ERRAI-827,./Dataset/errai_dataset/train_CC/14.java
ERRAI-191,./Dataset/errai_dataset/train_CC/1609.java
ERRAI-343,./Dataset/errai_dataset/train_CC/4767.java
ERRAI-527,./Dataset/errai_dataset/train_CC/2781.java
ERRAI-151,./Dataset/errai_dataset/train_CC/5470.java
ERRAI-743,./Dataset/errai_dataset/train_CC/2707.java
ERRAI-259,./Dataset/errai_dataset/train_CC/5163.java
ERRAI-366,./Dataset/errai_dataset/train_CC/1252.java
ERRAI-696,./Dataset/errai_dataset/train_CC/3172.java
ERRAI-348,./Dataset/errai_dataset/train_CC/4440.java
ERRAI-916,./Dataset/errai_dataset/train_CC/901.java
ERRAI-527,./Dataset/errai_dataset/train_CC/2806.java
ERRAI-619,./Dataset/errai_dataset/train_CC/3507.java
ERRAI-191,./Dataset/errai_dataset/train_CC/5425.java
ERRAI-259,./Dataset/errai_dataset/train_CC/5196.java
ERRAI-233,./Dataset/errai_dataset/train_CC/4965.java
ERRAI-1026,./Dataset/errai_dataset/train_CC/383.java
ERRAI-76,./Dataset/errai_dataset/train_CC/5513.java
ERRAI-657,./Dataset/errai_dataset/train_CC/3413.java
ERRAI-664,./Dataset/errai_dataset/train_CC/1515.java
ERRAI-554,./Dataset/errai_dataset/train_CC/37.java
ERRAI-259,./Dataset/errai_dataset/train_CC/5263.java
ERRAI-653,./Dataset/errai_dataset/train_CC/2504.java
ERRAI-916,./Dataset/errai_dataset/train_CC/1039.java
ERRAI-668,./Dataset/errai_dataset/train_CC/3338.java
ERRAI-402,./Dataset/errai_dataset/train_CC/4645.java
ERRAI-554,./Dataset/errai_dataset/train_CC/3882.java
ERRAI-47,./Dataset/errai_dataset/train_CC/5559.java
ERRAI-259,./Dataset/errai_dataset/train_CC/5192.java
ERRAI-259,./Dataset/errai_dataset/train_CC/5201.java
ERRAI-259,./Dataset/errai_dataset/train_CC/5175.java
ERRAI-475,./Dataset/errai_dataset/train_CC/4249.java
ERRAI-414,./Dataset/errai_dataset/train_CC/4321.java
ERRAI-527,./Dataset/errai_dataset/train_CC/2808.java
ERRAI-664,./Dataset/errai_dataset/train_CC/3379.java
ERRAI-410,./Dataset/errai_dataset/train_CC/4608.java
ERRAI-971,./Dataset/errai_dataset/train_CC/547.java
ERRAI-259,./Dataset/errai_dataset/train_CC/5257.java
ERRAI-534,./Dataset/errai_dataset/train_CC/33.java
ERRAI-504,./Dataset/errai_dataset/train_CC/4161.java
ERRAI-968,./Dataset/errai_dataset/train_CC/780.java
ERRAI-280,./Dataset/errai_dataset/train_CC/1252.java
ERRAI-259,./Dataset/errai_dataset/train_CC/5139.java
ERRAI-889,./Dataset/errai_dataset/train_CC/1102.java
ERRAI-916,./Dataset/errai_dataset/train_CC/935.java
ERRAI-813,./Dataset/errai_dataset/train_CC/554.java
ERRAI-1023,./Dataset/errai_dataset/train_CC/396.java
ERRAI-259,./Dataset/errai_dataset/train_CC/5295.java
ERRAI-259,./Dataset/errai_dataset/train_CC/5314.java
ERRAI-1026,./Dataset/errai_dataset/train_CC/380.java
ERRAI-301,./Dataset/errai_dataset/train_CC/5032.java
ERRAI-619,./Dataset/errai_dataset/train_CC/3506.java
ERRAI-549,./Dataset/errai_dataset/train_CC/3594.java
ERRAI-961,./Dataset/errai_dataset/train_CC/867.java
ERRAI-891,./Dataset/errai_dataset/train_CC/37.java
ERRAI-310,./Dataset/errai_dataset/train_CC/1494.java
ERRAI-151,./Dataset/errai_dataset/train_CC/5475.java
ERRAI-272,./Dataset/errai_dataset/train_CC/3880.java
ERRAI-682,./Dataset/errai_dataset/train_CC/1058.java
ERRAI-151,./Dataset/errai_dataset/train_CC/5493.java
ERRAI-554,./Dataset/errai_dataset/train_CC/3885.java
ERRAI-259,./Dataset/errai_dataset/train_CC/4191.java
ERRAI-462,./Dataset/errai_dataset/train_CC/4295.java
ERRAI-730,./Dataset/errai_dataset/train_CC/3023.java
ERRAI-975,./Dataset/errai_dataset/train_CC/810.java
ERRAI-1026,./Dataset/errai_dataset/train_CC/382.java
ERRAI-670,./Dataset/errai_dataset/train_CC/3298.java
ERRAI-357,./Dataset/errai_dataset/train_CC/4729.java
ERRAI-259,./Dataset/errai_dataset/train_CC/5144.java
ERRAI-554,./Dataset/errai_dataset/train_CC/3874.java
ERRAI-882,./Dataset/errai_dataset/train_CC/1155.java
ERRAI-554,./Dataset/errai_dataset/train_CC/3896.java
ERRAI-41,./Dataset/errai_dataset/train_CC/5550.java
ERRAI-669,./Dataset/errai_dataset/train_CC/1287.java
ERRAI-536,./Dataset/errai_dataset/train_CC/3913.java
ERRAI-107,./Dataset/errai_dataset/train_CC/5463.java
ERRAI-382,./Dataset/errai_dataset/train_CC/4368.java
ERRAI-259,./Dataset/errai_dataset/train_CC/5213.java
ERRAI-259,./Dataset/errai_dataset/train_CC/5198.java
ERRAI-151,./Dataset/errai_dataset/train_CC/5474.java
ERRAI-407,./Dataset/errai_dataset/train_CC/4164.java
ERRAI-813,./Dataset/errai_dataset/train_CC/1037.java
ERRAI-539,./Dataset/errai_dataset/train_CC/3946.java
ERRAI-211,./Dataset/errai_dataset/train_CC/5444.java
ERRAI-597,./Dataset/errai_dataset/train_CC/3757.java
ERRAI-259,./Dataset/errai_dataset/train_CC/5231.java
ERRAI-670,./Dataset/errai_dataset/train_CC/3285.java
ERRAI-777,./Dataset/errai_dataset/train_CC/2699.java
ERRAI-1023,./Dataset/errai_dataset/train_CC/402.java
ERRAI-272,./Dataset/errai_dataset/train_CC/3904.java
ERRAI-838,./Dataset/errai_dataset/train_CC/2477.java
ERRAI-696,./Dataset/errai_dataset/train_CC/3173.java
ERRAI-366,./Dataset/errai_dataset/train_CC/1494.java
ERRAI-985,./Dataset/errai_dataset/train_CC/34.java
ERRAI-604,./Dataset/errai_dataset/train_CC/2593.java
ERRAI-259,./Dataset/errai_dataset/train_CC/5154.java
ERRAI-872,./Dataset/errai_dataset/train_CC/1155.java
ERRAI-916,./Dataset/errai_dataset/train_CC/31.java
ERRAI-307,./Dataset/errai_dataset/train_CC/4985.java
ERRAI-604,./Dataset/errai_dataset/train_CC/3719.java
ERRAI-259,./Dataset/errai_dataset/train_CC/5226.java
ERRAI-538,./Dataset/errai_dataset/train_CC/710.java
ERRAI-825,./Dataset/errai_dataset/train_CC/553.java
ERRAI-119,./Dataset/errai_dataset/train_CC/5510.java
ERRAI-426,./Dataset/errai_dataset/train_CC/4550.java
ERRAI-231,./Dataset/errai_dataset/train_CC/15.java
ERRAI-470,./Dataset/errai_dataset/train_CC/4274.java
ERRAI-259,./Dataset/errai_dataset/train_CC/5222.java
ERRAI-527,./Dataset/errai_dataset/train_CC/2792.java
ERRAI-489,./Dataset/errai_dataset/train_CC/4185.java
ERRAI-842,./Dataset/errai_dataset/train_CC/509.java
ERRAI-465,./Dataset/errai_dataset/train_CC/2477.java
ERRAI-700,./Dataset/errai_dataset/train_CC/2943.java
ERRAI-259,./Dataset/errai_dataset/train_CC/5275.java
ERRAI-653,./Dataset/errai_dataset/train_CC/2504.java
ERRAI-619,./Dataset/errai_dataset/train_CC/3491.java
ERRAI-658,./Dataset/errai_dataset/train_CC/44.java
ERRAI-259,./Dataset/errai_dataset/train_CC/5165.java
ERRAI-272,./Dataset/errai_dataset/train_CC/4351.java
ERRAI-277,./Dataset/errai_dataset/train_CC/2477.java
ERRAI-668,./Dataset/errai_dataset/train_CC/1515.java
ERRAI-700,./Dataset/errai_dataset/train_CC/44.java
ERRAI-916,./Dataset/errai_dataset/train_CC/933.java
ERRAI-259,./Dataset/errai_dataset/train_CC/5090.java
ERRAI-259,./Dataset/errai_dataset/train_CC/5137.java
ERRAI-259,./Dataset/errai_dataset/train_CC/5260.java
ERRAI-350,./Dataset/errai_dataset/train_CC/4755.java
ERRAI-282,./Dataset/errai_dataset/train_CC/1261.java
ERRAI-527,./Dataset/errai_dataset/train_CC/2788.java
ERRAI-644,./Dataset/errai_dataset/train_CC/3165.java
ERRAI-338,./Dataset/errai_dataset/train_CC/4137.java
ERRAI-916,./Dataset/errai_dataset/train_CC/30.java
ERRAI-655,./Dataset/errai_dataset/train_CC/31.java
ERRAI-116,./Dataset/errai_dataset/train_CC/5507.java
ERRAI-554,./Dataset/errai_dataset/train_CC/3910.java
ERRAI-1055,./Dataset/errai_dataset/train_CC/296.java
ERRAI-348,./Dataset/errai_dataset/train_CC/4443.java
ERRAI-554,./Dataset/errai_dataset/train_CC/556.java
ERRAI-1022,./Dataset/errai_dataset/train_CC/29.java
ERRAI-963,./Dataset/errai_dataset/train_CC/886.java
ERRAI-151,./Dataset/errai_dataset/train_CC/5476.java
ERRAI-1027,./Dataset/errai_dataset/train_CC/365.java
ERRAI-554,./Dataset/errai_dataset/train_CC/3884.java
ERRAI-305,./Dataset/errai_dataset/train_CC/5047.java
ERRAI-276,./Dataset/errai_dataset/train_CC/3900.java
ERRAI-259,./Dataset/errai_dataset/train_CC/5197.java
ERRAI-259,./Dataset/errai_dataset/train_CC/5256.java
ERRAI-338,./Dataset/errai_dataset/train_CC/4867.java
ERRAI-288,./Dataset/errai_dataset/train_CC/4538.java
ERRAI-1023,./Dataset/errai_dataset/train_CC/400.java
ERRAI-715,./Dataset/errai_dataset/train_CC/2722.java
ERRAI-151,./Dataset/errai_dataset/train_CC/5484.java
ERRAI-231,./Dataset/errai_dataset/train_CC/15.java
ERRAI-462,./Dataset/errai_dataset/train_CC/4282.java
ERRAI-1027,./Dataset/errai_dataset/train_CC/370.java
ERRAI-350,./Dataset/errai_dataset/train_CC/4754.java
ERRAI-99,./Dataset/errai_dataset/train_CC/3871.java
ERRAI-619,./Dataset/errai_dataset/train_CC/2477.java
ERRAI-151,./Dataset/errai_dataset/train_CC/5488.java
ERRAI-475,./Dataset/errai_dataset/train_CC/4241.java
ERRAI-1043,./Dataset/errai_dataset/train_CC/14.java
ERRAI-320,./Dataset/errai_dataset/train_CC/1251.java
ERRAI-842,./Dataset/errai_dataset/train_CC/512.java
ERRAI-527,./Dataset/errai_dataset/train_CC/2810.java
ERRAI-569,./Dataset/errai_dataset/train_CC/547.java
ERRAI-993,./Dataset/errai_dataset/train_CC/602.java
ERRAI-259,./Dataset/errai_dataset/train_CC/5155.java
ERRAI-624,./Dataset/errai_dataset/train_CC/3333.java
ERRAI-323,./Dataset/errai_dataset/train_CC/4933.java
ERRAI-410,./Dataset/errai_dataset/train_CC/4604.java
ERRAI-646,./Dataset/errai_dataset/train_CC/3479.java
ERRAI-259,./Dataset/errai_dataset/train_CC/5159.java
ERRAI-696,./Dataset/errai_dataset/train_CC/3172.java
ERRAI-40,./Dataset/errai_dataset/train_CC/5571.java
ERRAI-116,./Dataset/errai_dataset/train_CC/5506.java
ERRAI-756,./Dataset/errai_dataset/train_CC/2712.java
ERRAI-282,./Dataset/errai_dataset/train_CC/5114.java
ERRAI-259,./Dataset/errai_dataset/train_CC/5177.java
ERRAI-305,./Dataset/errai_dataset/train_CC/5048.java
ERRAI-259,./Dataset/errai_dataset/train_CC/5297.java
ERRAI-470,./Dataset/errai_dataset/train_CC/4274.java
ERRAI-259,./Dataset/errai_dataset/train_CC/5215.java
ERRAI-464,./Dataset/errai_dataset/train_CC/4254.java
ERRAI-416,./Dataset/errai_dataset/train_CC/4538.java
ERRAI-259,./Dataset/errai_dataset/train_CC/5234.java
ERRAI-658,./Dataset/errai_dataset/train_CC/44.java
ERRAI-700,./Dataset/errai_dataset/train_CC/2948.java
ERRAI-803,./Dataset/errai_dataset/train_CC/2593.java
ERRAI-231,./Dataset/errai_dataset/train_CC/4394.java
ERRAI-41,./Dataset/errai_dataset/train_CC/5552.java
ERRAI-682,./Dataset/errai_dataset/train_CC/1086.java
ERRAI-424,./Dataset/errai_dataset/train_CC/1236.java
ERRAI-462,./Dataset/errai_dataset/train_CC/4300.java
ERRAI-333,./Dataset/errai_dataset/train_CC/4732.java
ERRAI-700,./Dataset/errai_dataset/train_CC/2946.java
ERRAI-963,./Dataset/errai_dataset/train_CC/887.java
ERRAI-69,./Dataset/errai_dataset/train_CC/5536.java
ERRAI-1022,./Dataset/errai_dataset/train_CC/408.java
ERRAI-566,./Dataset/errai_dataset/train_CC/913.java
ERRAI-527,./Dataset/errai_dataset/train_CC/2786.java
ERRAI-527,./Dataset/errai_dataset/train_CC/2805.java
ERRAI-604,./Dataset/errai_dataset/train_CC/3716.java
ERRAI-604,./Dataset/errai_dataset/train_CC/3709.java
ERRAI-51,./Dataset/errai_dataset/train_CC/5558.java
ERRAI-539,./Dataset/errai_dataset/train_CC/3944.java
ERRAI-69,./Dataset/errai_dataset/train_CC/5536.java
ERRAI-379,./Dataset/errai_dataset/train_CC/4565.java
ERRAI-307,./Dataset/errai_dataset/train_CC/4986.java
ERRAI-465,./Dataset/errai_dataset/train_CC/2477.java
ERRAI-752,./Dataset/errai_dataset/train_CC/2956.java
ERRAI-259,./Dataset/errai_dataset/train_CC/5308.java
ERRAI-554,./Dataset/errai_dataset/train_CC/1040.java
ERRAI-975,./Dataset/errai_dataset/train_CC/808.java
ERRAI-259,./Dataset/errai_dataset/train_CC/5140.java
ERRAI-276,./Dataset/errai_dataset/train_CC/3878.java
ERRAI-747,./Dataset/errai_dataset/train_CC/1479.java
ERRAI-425,./Dataset/errai_dataset/train_CC/4164.java
ERRAI-500,./Dataset/errai_dataset/train_CC/3090.java
ERRAI-259,./Dataset/errai_dataset/train_CC/5188.java
ERRAI-649,./Dataset/errai_dataset/train_CC/2477.java
ERRAI-284,./Dataset/errai_dataset/train_CC/5089.java
ERRAI-99,./Dataset/errai_dataset/train_CC/4377.java
ERRAI-259,./Dataset/errai_dataset/train_CC/5184.java
ERRAI-259,./Dataset/errai_dataset/train_CC/5277.java
ERRAI-259,./Dataset/errai_dataset/train_CC/5306.java
ERRAI-653,./Dataset/errai_dataset/train_CC/3353.java
ERRAI-726,./Dataset/errai_dataset/train_CC/2710.java
ERRAI-870,./Dataset/errai_dataset/train_CC/528.java
ERRAI-259,./Dataset/errai_dataset/train_CC/5189.java
ERRAI-971,./Dataset/errai_dataset/train_CC/555.java
ERRAI-971,./Dataset/errai_dataset/train_CC/554.java
ERRAI-980,./Dataset/errai_dataset/train_CC/34.java
ERRAI-694,./Dataset/errai_dataset/train_CC/3003.java
ERRAI-798,./Dataset/errai_dataset/train_CC/45.java
ERRAI-259,./Dataset/errai_dataset/train_CC/5258.java
ERRAI-307,./Dataset/errai_dataset/train_CC/3784.java
ERRAI-1022,./Dataset/errai_dataset/train_CC/410.java
ERRAI-234,./Dataset/errai_dataset/train_CC/4971.java
ERRAI-462,./Dataset/errai_dataset/train_CC/4304.java
ERRAI-163,./Dataset/errai_dataset/train_CC/15.java
ERRAI-99,./Dataset/errai_dataset/train_CC/5514.java
ERRAI-434,./Dataset/errai_dataset/train_CC/4487.java
ERRAI-775,./Dataset/errai_dataset/train_CC/2712.java
ERRAI-51,./Dataset/errai_dataset/train_CC/5559.java
ERRAI-554,./Dataset/errai_dataset/train_CC/3906.java
ERRAI-980,./Dataset/errai_dataset/train_CC/28.java
ERRAI-462,./Dataset/errai_dataset/train_CC/4293.java
ERRAI-410,./Dataset/errai_dataset/train_CC/4607.java
ERRAI-971,./Dataset/errai_dataset/train_CC/564.java
ERRAI-853,./Dataset/errai_dataset/train_CC/2437.java
ERRAI-747,./Dataset/errai_dataset/train_CC/2961.java
ERRAI-489,./Dataset/errai_dataset/train_CC/4164.java
ERRAI-616,./Dataset/errai_dataset/train_CC/2992.java
ERRAI-651,./Dataset/errai_dataset/train_CC/32.java
ERRAI-475,./Dataset/errai_dataset/train_CC/4247.java
ERRAI-527,./Dataset/errai_dataset/train_CC/2812.java
ERRAI-537,./Dataset/errai_dataset/train_CC/913.java
ERRAI-432,./Dataset/errai_dataset/train_CC/4517.java
ERRAI-134,./Dataset/errai_dataset/train_CC/5499.java
ERRAI-480,./Dataset/errai_dataset/train_CC/2515.java
ERRAI-837,./Dataset/errai_dataset/train_CC/2478.java
ERRAI-971,./Dataset/errai_dataset/train_CC/33.java
ERRAI-343,./Dataset/errai_dataset/train_CC/3866.java
ERRAI-670,./Dataset/errai_dataset/train_CC/3296.java
ERRAI-756,./Dataset/errai_dataset/train_CC/2725.java
ERRAI-1023,./Dataset/errai_dataset/train_CC/398.java
ERRAI-554,./Dataset/errai_dataset/train_CC/912.java
ERRAI-554,./Dataset/errai_dataset/train_CC/884.java
ERRAI-301,./Dataset/errai_dataset/train_CC/5032.java
ERRAI-715,./Dataset/errai_dataset/train_CC/3028.java
ERRAI-752,./Dataset/errai_dataset/train_CC/2957.java
ERRAI-414,./Dataset/errai_dataset/train_CC/3866.java
ERRAI-1022,./Dataset/errai_dataset/train_CC/407.java
ERRAI-259,./Dataset/errai_dataset/train_CC/5276.java
ERRAI-1072,./Dataset/errai_dataset/train_CC/13.java
ERRAI-646,./Dataset/errai_dataset/train_CC/2948.java
ERRAI-669,./Dataset/errai_dataset/train_CC/3353.java
ERRAI-1026,./Dataset/errai_dataset/train_CC/378.java
ERRAI-259,./Dataset/errai_dataset/train_CC/5221.java
ERRAI-743,./Dataset/errai_dataset/train_CC/2996.java
ERRAI-853,./Dataset/errai_dataset/train_CC/2439.java
ERRAI-259,./Dataset/errai_dataset/train_CC/3874.java
ERRAI-743,./Dataset/errai_dataset/train_CC/2994.java
ERRAI-539,./Dataset/errai_dataset/train_CC/1259.java
ERRAI-610,./Dataset/errai_dataset/train_CC/3533.java
ERRAI-985,./Dataset/errai_dataset/train_CC/30.java
ERRAI-462,./Dataset/errai_dataset/train_CC/4285.java
ERRAI-670,./Dataset/errai_dataset/train_CC/3301.java
ERRAI-99,./Dataset/errai_dataset/train_CC/5522.java
ERRAI-781,./Dataset/errai_dataset/train_CC/2477.java
ERRAI-480,./Dataset/errai_dataset/train_CC/2532.java
ERRAI-517,./Dataset/errai_dataset/train_CC/4013.java
ERRAI-348,./Dataset/errai_dataset/train_CC/4444.java
ERRAI-845,./Dataset/errai_dataset/train_CC/2468.java
ERRAI-500,./Dataset/errai_dataset/train_CC/3083.java
ERRAI-151,./Dataset/errai_dataset/train_CC/5496.java
ERRAI-846,./Dataset/errai_dataset/train_CC/1129.java
ERRAI-282,./Dataset/errai_dataset/train_CC/5113.java
ERRAI-842,./Dataset/errai_dataset/train_CC/511.java
ERRAI-832,./Dataset/errai_dataset/train_CC/2457.java
ERRAI-259,./Dataset/errai_dataset/train_CC/5225.java
ERRAI-431,./Dataset/errai_dataset/train_CC/4505.java
ERRAI-649,./Dataset/errai_dataset/train_CC/3437.java
ERRAI-1026,./Dataset/errai_dataset/train_CC/391.java
ERRAI-539,./Dataset/errai_dataset/train_CC/3945.java
ERRAI-715,./Dataset/errai_dataset/train_CC/3029.java
ERRAI-259,./Dataset/errai_dataset/train_CC/5269.java
ERRAI-259,./Dataset/errai_dataset/train_CC/5301.java
ERRAI-259,./Dataset/errai_dataset/train_CC/5244.java
ERRAI-307,./Dataset/errai_dataset/train_CC/4995.java
ERRAI-475,./Dataset/errai_dataset/train_CC/4239.java
ERRAI-259,./Dataset/errai_dataset/train_CC/5271.java
ERRAI-970,./Dataset/errai_dataset/train_CC/855.java
ERRAI-527,./Dataset/errai_dataset/train_CC/2789.java
ERRAI-554,./Dataset/errai_dataset/train_CC/555.java
ERRAI-259,./Dataset/errai_dataset/train_CC/5268.java
ERRAI-682,./Dataset/errai_dataset/train_CC/1060.java
ERRAI-322,./Dataset/errai_dataset/train_CC/4947.java
ERRAI-529,./Dataset/errai_dataset/train_CC/1251.java
ERRAI-350,./Dataset/errai_dataset/train_CC/4753.java
ERRAI-259,./Dataset/errai_dataset/train_CC/5289.java
ERRAI-366,./Dataset/errai_dataset/train_CC/4606.java
ERRAI-432,./Dataset/errai_dataset/train_CC/4516.java
ERRAI-449,./Dataset/errai_dataset/train_CC/3439.java
ERRAI-668,./Dataset/errai_dataset/train_CC/3338.java
ERRAI-554,./Dataset/errai_dataset/train_CC/2781.java
ERRAI-539,./Dataset/errai_dataset/train_CC/3947.java
ERRAI-805,./Dataset/errai_dataset/train_CC/2569.java
ERRAI-980,./Dataset/errai_dataset/train_CC/29.java
ERRAI-348,./Dataset/errai_dataset/train_CC/2504.java
ERRAI-277,./Dataset/errai_dataset/train_CC/3450.java
ERRAI-669,./Dataset/errai_dataset/train_CC/28.java
ERRAI-970,./Dataset/errai_dataset/train_CC/853.java
ERRAI-465,./Dataset/errai_dataset/train_CC/2477.java
ERRAI-259,./Dataset/errai_dataset/train_CC/5203.java
ERRAI-696,./Dataset/errai_dataset/train_CC/3171.java
ERRAI-259,./Dataset/errai_dataset/train_CC/5164.java
ERRAI-366,./Dataset/errai_dataset/train_CC/1479.java
ERRAI-259,./Dataset/errai_dataset/train_CC/5220.java
ERRAI-259,./Dataset/errai_dataset/train_CC/5241.java
ERRAI-301,./Dataset/errai_dataset/train_CC/4965.java
ERRAI-627,./Dataset/errai_dataset/train_CC/3588.java
ERRAI-832,./Dataset/errai_dataset/train_CC/2465.java
ERRAI-276,./Dataset/errai_dataset/train_CC/3882.java
ERRAI-409,./Dataset/errai_dataset/train_CC/4623.java
ERRAI-151,./Dataset/errai_dataset/train_CC/5494.java
ERRAI-610,./Dataset/errai_dataset/train_CC/3531.java
ERRAI-853,./Dataset/errai_dataset/train_CC/1424.java
ERRAI-527,./Dataset/errai_dataset/train_CC/2797.java
ERRAI-1027,./Dataset/errai_dataset/train_CC/364.java
ERRAI-604,./Dataset/errai_dataset/train_CC/3710.java
ERRAI-913,./Dataset/errai_dataset/train_CC/1052.java
ERRAI-259,./Dataset/errai_dataset/train_CC/5255.java
ERRAI-554,./Dataset/errai_dataset/train_CC/15.java
ERRAI-504,./Dataset/errai_dataset/train_CC/4155.java
ERRAI-29,./Dataset/errai_dataset/train_CC/5572.java
ERRAI-743,./Dataset/errai_dataset/train_CC/2996.java
ERRAI-624,./Dataset/errai_dataset/train_CC/3325.java
ERRAI-307,./Dataset/errai_dataset/train_CC/3786.java
ERRAI-529,./Dataset/errai_dataset/train_CC/1244.java
ERRAI-315,./Dataset/errai_dataset/train_CC/5019.java
ERRAI-373,./Dataset/errai_dataset/train_CC/4164.java
ERRAI-845,./Dataset/errai_dataset/train_CC/2469.java
ERRAI-307,./Dataset/errai_dataset/train_CC/3785.java
ERRAI-527,./Dataset/errai_dataset/train_CC/2807.java
ERRAI-696,./Dataset/errai_dataset/train_CC/3171.java
ERRAI-323,./Dataset/errai_dataset/train_CC/4934.java
ERRAI-259,./Dataset/errai_dataset/train_CC/5245.java
ERRAI-1027,./Dataset/errai_dataset/train_CC/372.java
ERRAI-777,./Dataset/errai_dataset/train_CC/2701.java
ERRAI-1027,./Dataset/errai_dataset/train_CC/371.java
ERRAI-703,./Dataset/errai_dataset/train_CC/1508.java
ERRAI-916,./Dataset/errai_dataset/train_CC/891.java
ERRAI-227,./Dataset/errai_dataset/train_CC/5355.java
ERRAI-700,./Dataset/errai_dataset/train_CC/2891.java
ERRAI-644,./Dataset/errai_dataset/train_CC/1052.java
ERRAI-195,./Dataset/errai_dataset/train_CC/5457.java
ERRAI-975,./Dataset/errai_dataset/train_CC/811.java
ERRAI-632,./Dataset/errai_dataset/train_CC/3573.java
ERRAI-645,./Dataset/errai_dataset/train_CC/3461.java
ERRAI-284,./Dataset/errai_dataset/train_CC/2477.java
ERRAI-624,./Dataset/errai_dataset/train_CC/3334.java
ERRAI-985,./Dataset/errai_dataset/train_CC/14.java
ERRAI-259,./Dataset/errai_dataset/train_CC/5156.java
ERRAI-151,./Dataset/errai_dataset/train_CC/5485.java
ERRAI-259,./Dataset/errai_dataset/train_CC/5302.java
ERRAI-668,./Dataset/errai_dataset/train_CC/3359.java
ERRAI-566,./Dataset/errai_dataset/train_CC/3867.java
ERRAI-534,./Dataset/errai_dataset/train_CC/27.java
ERRAI-301,./Dataset/errai_dataset/train_CC/4965.java
ERRAI-1026,./Dataset/errai_dataset/train_CC/384.java
ERRAI-259,./Dataset/errai_dataset/train_CC/5299.java
ERRAI-668,./Dataset/errai_dataset/train_CC/3340.java
ERRAI-259,./Dataset/errai_dataset/train_CC/5181.java
ERRAI-971,./Dataset/errai_dataset/train_CC/14.java
ERRAI-259,./Dataset/errai_dataset/train_CC/5158.java
ERRAI-69,./Dataset/errai_dataset/train_CC/5536.java
ERRAI-462,./Dataset/errai_dataset/train_CC/4291.java
ERRAI-462,./Dataset/errai_dataset/train_CC/4290.java
ERRAI-549,./Dataset/errai_dataset/train_CC/3593.java
ERRAI-464,./Dataset/errai_dataset/train_CC/4252.java
ERRAI-703,./Dataset/errai_dataset/train_CC/3147.java
ERRAI-527,./Dataset/errai_dataset/train_CC/2798.java
ERRAI-489,./Dataset/errai_dataset/train_CC/4162.java
ERRAI-259,./Dataset/errai_dataset/train_CC/5298.java
ERRAI-747,./Dataset/errai_dataset/train_CC/2959.java
ERRAI-259,./Dataset/errai_dataset/train_CC/5151.java
ERRAI-743,./Dataset/errai_dataset/train_CC/2701.java
ERRAI-554,./Dataset/errai_dataset/train_CC/3873.java
ERRAI-535,./Dataset/errai_dataset/train_CC/3994.java
ERRAI-554,./Dataset/errai_dataset/train_CC/1236.java
ERRAI-985,./Dataset/errai_dataset/train_CC/29.java
ERRAI-44,./Dataset/errai_dataset/train_CC/3922.java
ERRAI-756,./Dataset/errai_dataset/train_CC/2720.java
ERRAI-151,./Dataset/errai_dataset/train_CC/5478.java
ERRAI-655,./Dataset/errai_dataset/train_CC/32.java
ERRAI-740,./Dataset/errai_dataset/train_CC/15.java
ERRAI-398,./Dataset/errai_dataset/train_CC/44.java
ERRAI-151,./Dataset/errai_dataset/train_CC/5481.java
ERRAI-700,./Dataset/errai_dataset/train_CC/2945.java
ERRAI-694,./Dataset/errai_dataset/train_CC/3005.java
ERRAI-916,./Dataset/errai_dataset/train_CC/1033.java
ERRAI-619,./Dataset/errai_dataset/train_CC/3508.java
ERRAI-259,./Dataset/errai_dataset/train_CC/3873.java
ERRAI-433,./Dataset/errai_dataset/train_CC/913.java
ERRAI-747,./Dataset/errai_dataset/train_CC/2962.java
ERRAI-777,./Dataset/errai_dataset/train_CC/2698.java
ERRAI-259,./Dataset/errai_dataset/train_CC/5242.java
ERRAI-259,./Dataset/errai_dataset/train_CC/5170.java
ERRAI-259,./Dataset/errai_dataset/train_CC/5273.java
ERRAI-981,./Dataset/errai_dataset/train_CC/705.java
ERRAI-817,./Dataset/errai_dataset/train_CC/2536.java
ERRAI-259,./Dataset/errai_dataset/train_CC/5227.java
ERRAI-651,./Dataset/errai_dataset/train_CC/31.java
ERRAI-538,./Dataset/errai_dataset/train_CC/709.java
ERRAI-776,./Dataset/errai_dataset/train_CC/2709.java
ERRAI-222,./Dataset/errai_dataset/train_CC/547.java
ERRAI-963,./Dataset/errai_dataset/train_CC/888.java
ERRAI-824,./Dataset/errai_dataset/train_CC/14.java
ERRAI-398,./Dataset/errai_dataset/train_CC/900.java
ERRAI-1027,./Dataset/errai_dataset/train_CC/374.java
ERRAI-777,./Dataset/errai_dataset/train_CC/2703.java
ERRAI-462,./Dataset/errai_dataset/train_CC/4294.java
ERRAI-313,./Dataset/errai_dataset/train_CC/1493.java
ERRAI-259,./Dataset/errai_dataset/train_CC/5167.java
ERRAI-191,./Dataset/errai_dataset/train_CC/5426.java
ERRAI-99,./Dataset/errai_dataset/train_CC/5520.java
ERRAI-259,./Dataset/errai_dataset/train_CC/5194.java
ERRAI-668,./Dataset/errai_dataset/train_CC/3341.java
ERRAI-705,./Dataset/errai_dataset/train_CC/1505.java
ERRAI-668,./Dataset/errai_dataset/train_CC/3358.java
ERRAI-700,./Dataset/errai_dataset/train_CC/2940.java
ERRAI-151,./Dataset/errai_dataset/train_CC/5487.java
ERRAI-504,./Dataset/errai_dataset/train_CC/4160.java
ERRAI-963,./Dataset/errai_dataset/train_CC/14.java
ERRAI-846,./Dataset/errai_dataset/train_CC/1128.java
ERRAI-985,./Dataset/errai_dataset/train_CC/26.java
ERRAI-431,./Dataset/errai_dataset/train_CC/3273.java
ERRAI-756,./Dataset/errai_dataset/train_CC/2722.java
ERRAI-554,./Dataset/errai_dataset/train_CC/3879.java
ERRAI-259,./Dataset/errai_dataset/train_CC/5180.java
ERRAI-852,./Dataset/errai_dataset/train_CC/2447.java
ERRAI-775,./Dataset/errai_dataset/train_CC/2715.java
ERRAI-338,./Dataset/errai_dataset/train_CC/4609.java
ERRAI-993,./Dataset/errai_dataset/train_CC/606.java
ERRAI-566,./Dataset/errai_dataset/train_CC/3867.java
ERRAI-480,./Dataset/errai_dataset/train_CC/2524.java
ERRAI-462,./Dataset/errai_dataset/train_CC/4296.java
ERRAI-259,./Dataset/errai_dataset/train_CC/5212.java
ERRAI-259,./Dataset/errai_dataset/train_CC/5305.java
ERRAI-405,./Dataset/errai_dataset/train_CC/4366.java
ERRAI-47,./Dataset/errai_dataset/train_CC/5555.java
ERRAI-348,./Dataset/errai_dataset/train_CC/4441.java
ERRAI-597,./Dataset/errai_dataset/train_CC/1516.java
ERRAI-301,./Dataset/errai_dataset/train_CC/5031.java
ERRAI-259,./Dataset/errai_dataset/train_CC/5179.java
ERRAI-527,./Dataset/errai_dataset/train_CC/2794.java
ERRAI-191,./Dataset/errai_dataset/train_CC/5428.java
ERRAI-400,./Dataset/errai_dataset/train_CC/4623.java
ERRAI-980,./Dataset/errai_dataset/train_CC/33.java
ERRAI-527,./Dataset/errai_dataset/train_CC/2809.java
ERRAI-489,./Dataset/errai_dataset/train_CC/4166.java
ERRAI-416,./Dataset/errai_dataset/train_CC/4516.java
ERRAI-475,./Dataset/errai_dataset/train_CC/4242.java
ERRAI-981,./Dataset/errai_dataset/train_CC/709.java
ERRAI-604,./Dataset/errai_dataset/train_CC/3719.java
ERRAI-668,./Dataset/errai_dataset/train_CC/3357.java
ERRAI-673,./Dataset/errai_dataset/train_CC/3273.java
ERRAI-747,./Dataset/errai_dataset/train_CC/2960.java
ERRAI-1022,./Dataset/errai_dataset/train_CC/415.java
ERRAI-259,./Dataset/errai_dataset/train_CC/5141.java
ERRAI-682,./Dataset/errai_dataset/train_CC/1057.java
ERRAI-151,./Dataset/errai_dataset/train_CC/5472.java
ERRAI-272,./Dataset/errai_dataset/train_CC/3881.java
ERRAI-259,./Dataset/errai_dataset/train_CC/5283.java
ERRAI-616,./Dataset/errai_dataset/train_CC/3672.java
ERRAI-410,./Dataset/errai_dataset/train_CC/1476.java
ERRAI-259,./Dataset/errai_dataset/train_CC/5089.java
ERRAI-604,./Dataset/errai_dataset/train_CC/2593.java
ERRAI-517,./Dataset/errai_dataset/train_CC/4014.java
ERRAI-658,./Dataset/errai_dataset/train_CC/45.java
ERRAI-504,./Dataset/errai_dataset/train_CC/4165.java
ERRAI-259,./Dataset/errai_dataset/train_CC/5307.java
ERRAI-777,./Dataset/errai_dataset/train_CC/2704.java
ERRAI-99,./Dataset/errai_dataset/train_CC/5519.java
ERRAI-30,./Dataset/errai_dataset/train_CC/5577.java
ERRAI-282,./Dataset/errai_dataset/train_CC/5112.java
ERRAI-730,./Dataset/errai_dataset/train_CC/3021.java
ERRAI-259,./Dataset/errai_dataset/train_CC/5232.java
ERRAI-366,./Dataset/errai_dataset/train_CC/1490.java
ERRAI-527,./Dataset/errai_dataset/train_CC/2785.java
ERRAI-529,./Dataset/errai_dataset/train_CC/1479.java
ERRAI-947,./Dataset/errai_dataset/train_CC/547.java
ERRAI-269,./Dataset/errai_dataset/train_CC/5126.java
ERRAI-1027,./Dataset/errai_dataset/train_CC/369.java
ERRAI-366,./Dataset/errai_dataset/train_CC/4164.java
ERRAI-610,./Dataset/errai_dataset/train_CC/3532.java
ERRAI-832,./Dataset/errai_dataset/train_CC/2463.java
ERRAI-669,./Dataset/errai_dataset/train_CC/29.java
ERRAI-668,./Dataset/errai_dataset/train_CC/3357.java
ERRAI-134,./Dataset/errai_dataset/train_CC/5500.java
ERRAI-534,./Dataset/errai_dataset/train_CC/547.java
ERRAI-554,./Dataset/errai_dataset/train_CC/3890.java
ERRAI-462,./Dataset/errai_dataset/train_CC/4303.java
ERRAI-539,./Dataset/errai_dataset/train_CC/3945.java
ERRAI-320,./Dataset/errai_dataset/train_CC/4952.java
ERRAI-410,./Dataset/errai_dataset/train_CC/4610.java
ERRAI-985,./Dataset/errai_dataset/train_CC/28.java
ERRAI-554,./Dataset/errai_dataset/train_CC/3871.java
ERRAI-527,./Dataset/errai_dataset/train_CC/2790.java
ERRAI-891,./Dataset/errai_dataset/train_CC/1123.java
ERRAI-664,./Dataset/errai_dataset/train_CC/3378.java
ERRAI-539,./Dataset/errai_dataset/train_CC/3948.java
ERRAI-993,./Dataset/errai_dataset/train_CC/604.java
ERRAI-1027,./Dataset/errai_dataset/train_CC/375.java
ERRAI-892,./Dataset/errai_dataset/train_CC/296.java
ERRAI-670,./Dataset/errai_dataset/train_CC/3301.java
ERRAI-855,./Dataset/errai_dataset/train_CC/14.java
ERRAI-880,./Dataset/errai_dataset/train_CC/1155.java
ERRAI-272,./Dataset/errai_dataset/train_CC/3882.java
ERRAI-259,./Dataset/errai_dataset/train_CC/5229.java
ERRAI-668,./Dataset/errai_dataset/train_CC/3339.java
ERRAI-1026,./Dataset/errai_dataset/train_CC/392.java
ERRAI-646,./Dataset/errai_dataset/train_CC/1058.java
ERRAI-981,./Dataset/errai_dataset/train_CC/701.java
ERRAI-504,./Dataset/errai_dataset/train_CC/4162.java
ERRAI-941,./Dataset/errai_dataset/train_CC/969.java
ERRAI-826,./Dataset/errai_dataset/train_CC/2504.java
ERRAI-323,./Dataset/errai_dataset/train_CC/4934.java
ERRAI-1022,./Dataset/errai_dataset/train_CC/412.java
ERRAI-621,./Dataset/errai_dataset/train_CC/3265.java
ERRAI-282,./Dataset/errai_dataset/train_CC/5109.java
ERRAI-314,./Dataset/errai_dataset/train_CC/4721.java
ERRAI-338,./Dataset/errai_dataset/train_CC/4864.java
ERRAI-72,./Dataset/errai_dataset/train_CC/5528.java
ERRAI-405,./Dataset/errai_dataset/train_CC/4369.java
ERRAI-963,./Dataset/errai_dataset/train_CC/889.java
ERRAI-307,./Dataset/errai_dataset/train_CC/4983.java
ERRAI-259,./Dataset/errai_dataset/train_CC/5240.java
ERRAI-259,./Dataset/errai_dataset/train_CC/5266.java
ERRAI-1026,./Dataset/errai_dataset/train_CC/389.java
ERRAI-916,./Dataset/errai_dataset/train_CC/1028.java
ERRAI-538,./Dataset/errai_dataset/train_CC/701.java
ERRAI-259,./Dataset/errai_dataset/train_CC/5219.java
ERRAI-971,./Dataset/errai_dataset/train_CC/34.java
ERRAI-178,./Dataset/errai_dataset/train_CC/3601.java
ERRAI-259,./Dataset/errai_dataset/train_CC/5228.java
ERRAI-504,./Dataset/errai_dataset/train_CC/4150.java
ERRAI-410,./Dataset/errai_dataset/train_CC/4609.java
ERRAI-554,./Dataset/errai_dataset/train_CC/44.java
ERRAI-975,./Dataset/errai_dataset/train_CC/812.java
ERRAI-119,./Dataset/errai_dataset/train_CC/5509.java
ERRAI-51,./Dataset/errai_dataset/train_CC/5552.java
ERRAI-414,./Dataset/errai_dataset/train_CC/3273.java
ERRAI-259,./Dataset/errai_dataset/train_CC/5150.java
ERRAI-41,./Dataset/errai_dataset/train_CC/5551.java
ERRAI-743,./Dataset/errai_dataset/train_CC/2995.java
ERRAI-554,./Dataset/errai_dataset/train_CC/900.java
ERRAI-527,./Dataset/errai_dataset/train_CC/2803.java
ERRAI-462,./Dataset/errai_dataset/train_CC/4301.java
ERRAI-405,./Dataset/errai_dataset/train_CC/4368.java
ERRAI-916,./Dataset/errai_dataset/train_CC/1040.java
ERRAI-668,./Dataset/errai_dataset/train_CC/3343.java
ERRAI-610,./Dataset/errai_dataset/train_CC/3518.java
ERRAI-163,./Dataset/errai_dataset/train_CC/5465.java
ERRAI-235,./Dataset/errai_dataset/train_CC/5381.java
ERRAI-462,./Dataset/errai_dataset/train_CC/4292.java
ERRAI-715,./Dataset/errai_dataset/train_CC/3027.java
ERRAI-424,./Dataset/errai_dataset/train_CC/4454.java
ERRAI-566,./Dataset/errai_dataset/train_CC/3866.java
ERRAI-214,./Dataset/errai_dataset/train_CC/5440.java
ERRAI-259,./Dataset/errai_dataset/train_CC/5253.java
ERRAI-259,./Dataset/errai_dataset/train_CC/5149.java
ERRAI-99,./Dataset/errai_dataset/train_CC/5515.java
ERRAI-657,./Dataset/errai_dataset/train_CC/3414.java
ERRAI-775,./Dataset/errai_dataset/train_CC/2719.java
ERRAI-904,./Dataset/errai_dataset/train_CC/983.java
ERRAI-259,./Dataset/errai_dataset/train_CC/5262.java
ERRAI-259,./Dataset/errai_dataset/train_CC/5233.java
ERRAI-259,./Dataset/errai_dataset/train_CC/5303.java
ERRAI-604,./Dataset/errai_dataset/train_CC/3710.java
ERRAI-781,./Dataset/errai_dataset/train_CC/2550.java
ERRAI-670,./Dataset/errai_dataset/train_CC/3300.java
ERRAI-1027,./Dataset/errai_dataset/train_CC/367.java
ERRAI-338,./Dataset/errai_dataset/train_CC/4863.java
ERRAI-462,./Dataset/errai_dataset/train_CC/4289.java
ERRAI-694,./Dataset/errai_dataset/train_CC/3004.java
ERRAI-554,./Dataset/errai_dataset/train_CC/941.java
ERRAI-333,./Dataset/errai_dataset/train_CC/4736.java
ERRAI-539,./Dataset/errai_dataset/train_CC/1511.java
ERRAI-332,./Dataset/errai_dataset/train_CC/4762.java
ERRAI-517,./Dataset/errai_dataset/train_CC/4017.java
ERRAI-554,./Dataset/errai_dataset/train_CC/3880.java
ERRAI-968,./Dataset/errai_dataset/train_CC/782.java
ERRAI-504,./Dataset/errai_dataset/train_CC/4148.java
ERRAI-668,./Dataset/errai_dataset/train_CC/3358.java
ERRAI-889,./Dataset/errai_dataset/train_CC/1040.java
ERRAI-680,./Dataset/errai_dataset/train_CC/2947.java
ERRAI-116,./Dataset/errai_dataset/train_CC/5505.java
ERRAI-259,./Dataset/errai_dataset/train_CC/5160.java
ERRAI-539,./Dataset/errai_dataset/train_CC/1424.java
ERRAI-348,./Dataset/errai_dataset/train_CC/4442.java
ERRAI-307,./Dataset/errai_dataset/train_CC/4982.java
ERRAI-51,./Dataset/errai_dataset/train_CC/15.java
ERRAI-259,./Dataset/errai_dataset/train_CC/5235.java
ERRAI-470,./Dataset/errai_dataset/train_CC/4274.java
ERRAI-527,./Dataset/errai_dataset/train_CC/2782.java
ERRAI-163,./Dataset/errai_dataset/train_CC/5462.java
ERRAI-979,./Dataset/errai_dataset/train_CC/547.java
ERRAI-151,./Dataset/errai_dataset/train_CC/5491.java
ERRAI-163,./Dataset/errai_dataset/train_CC/15.java
ERRAI-259,./Dataset/errai_dataset/train_CC/5304.java
ERRAI-730,./Dataset/errai_dataset/train_CC/3020.java
ERRAI-985,./Dataset/errai_dataset/train_CC/32.java
ERRAI-366,./Dataset/errai_dataset/train_CC/1253.java
ERRAI-259,./Dataset/errai_dataset/train_CC/5247.java
ERRAI-307,./Dataset/errai_dataset/train_CC/4981.java
ERRAI-313,./Dataset/errai_dataset/train_CC/1242.java
ERRAI-527,./Dataset/errai_dataset/train_CC/2793.java
ERRAI-284,./Dataset/errai_dataset/train_CC/5090.java
ERRAI-416,./Dataset/errai_dataset/train_CC/547.java
ERRAI-259,./Dataset/errai_dataset/train_CC/5310.java
ERRAI-669,./Dataset/errai_dataset/train_CC/27.java
ERRAI-462,./Dataset/errai_dataset/train_CC/4288.java
ERRAI-272,./Dataset/errai_dataset/train_CC/3878.java
ERRAI-315,./Dataset/errai_dataset/train_CC/2553.java
ERRAI-382,./Dataset/errai_dataset/train_CC/4162.java
ERRAI-538,./Dataset/errai_dataset/train_CC/705.java
ERRAI-1022,./Dataset/errai_dataset/train_CC/417.java
ERRAI-259,./Dataset/errai_dataset/train_CC/5088.java
ERRAI-916,./Dataset/errai_dataset/train_CC/37.java
ERRAI-668,./Dataset/errai_dataset/train_CC/3342.java
ERRAI-825,./Dataset/errai_dataset/train_CC/2428.java
ERRAI-259,./Dataset/errai_dataset/train_CC/5147.java
ERRAI-30,./Dataset/errai_dataset/train_CC/5575.java
ERRAI-679,./Dataset/errai_dataset/train_CC/2947.java
ERRAI-988,./Dataset/errai_dataset/train_CC/14.java
ERRAI-259,./Dataset/errai_dataset/train_CC/5281.java
ERRAI-658,./Dataset/errai_dataset/train_CC/3421.java
ERRAI-604,./Dataset/errai_dataset/train_CC/3713.java
ERRAI-668,./Dataset/errai_dataset/train_CC/3342.java
ERRAI-276,./Dataset/errai_dataset/train_CC/3873.java
ERRAI-259,./Dataset/errai_dataset/train_CC/5285.java
ERRAI-1023,./Dataset/errai_dataset/train_CC/401.java
ERRAI-527,./Dataset/errai_dataset/train_CC/2791.java
ERRAI-527,./Dataset/errai_dataset/train_CC/2813.java
ERRAI-756,./Dataset/errai_dataset/train_CC/2717.java
ERRAI-313,./Dataset/errai_dataset/train_CC/2948.java
ERRAI-323,./Dataset/errai_dataset/train_CC/4933.java
ERRAI-276,./Dataset/errai_dataset/train_CC/3881.java
ERRAI-554,./Dataset/errai_dataset/train_CC/3891.java
ERRAI-554,./Dataset/errai_dataset/train_CC/3881.java
ERRAI-817,./Dataset/errai_dataset/train_CC/2538.java
ERRAI-462,./Dataset/errai_dataset/train_CC/4284.java
ERRAI-58,./Dataset/errai_dataset/train_CC/939.java
ERRAI-47,./Dataset/errai_dataset/train_CC/5557.java
ERRAI-527,./Dataset/errai_dataset/train_CC/2802.java
ERRAI-832,./Dataset/errai_dataset/train_CC/556.java
ERRAI-211,./Dataset/errai_dataset/train_CC/5446.java
ERRAI-554,./Dataset/errai_dataset/train_CC/1039.java
ERRAI-554,./Dataset/errai_dataset/train_CC/3900.java
ERRAI-805,./Dataset/errai_dataset/train_CC/2504.java
ERRAI-539,./Dataset/errai_dataset/train_CC/3947.java
ERRAI-151,./Dataset/errai_dataset/train_CC/5471.java
ERRAI-259,./Dataset/errai_dataset/train_CC/5218.java
ERRAI-554,./Dataset/errai_dataset/train_CC/1600.java
ERRAI-259,./Dataset/errai_dataset/train_CC/5261.java
ERRAI-740,./Dataset/errai_dataset/train_CC/2731.java
ERRAI-777,./Dataset/errai_dataset/train_CC/2700.java
ERRAI-259,./Dataset/errai_dataset/train_CC/5186.java
ERRAI-527,./Dataset/errai_dataset/train_CC/2801.java
ERRAI-980,./Dataset/errai_dataset/train_CC/27.java
ERRAI-777,./Dataset/errai_dataset/train_CC/2593.java
ERRAI-980,./Dataset/errai_dataset/train_CC/32.java
ERRAI-259,./Dataset/errai_dataset/train_CC/5190.java
ERRAI-30,./Dataset/errai_dataset/train_CC/5582.java
ERRAI-855,./Dataset/errai_dataset/train_CC/33.java
ERRAI-259,./Dataset/errai_dataset/train_CC/5153.java
ERRAI-554,./Dataset/errai_dataset/train_CC/1031.java
ERRAI-99,./Dataset/errai_dataset/train_CC/5517.java
ERRAI-987,./Dataset/errai_dataset/train_CC/657.java
ERRAI-604,./Dataset/errai_dataset/train_CC/3709.java
ERRAI-700,./Dataset/errai_dataset/train_CC/2939.java
ERRAI-51,./Dataset/errai_dataset/train_CC/5556.java
ERRAI-832,./Dataset/errai_dataset/train_CC/2458.java
ERRAI-527,./Dataset/errai_dataset/train_CC/2784.java
ERRAI-30,./Dataset/errai_dataset/train_CC/5578.java
ERRAI-259,./Dataset/errai_dataset/train_CC/5209.java
ERRAI-517,./Dataset/errai_dataset/train_CC/4012.java
ERRAI-259,./Dataset/errai_dataset/train_CC/5171.java
ERRAI-932,./Dataset/errai_dataset/train_CC/986.java
ERRAI-554,./Dataset/errai_dataset/train_CC/1033.java
ERRAI-799,./Dataset/errai_dataset/train_CC/2598.java
ERRAI-632,./Dataset/errai_dataset/train_CC/1058.java
ERRAI-538,./Dataset/errai_dataset/train_CC/707.java
ERRAI-554,./Dataset/errai_dataset/train_CC/3878.java
ERRAI-703,./Dataset/errai_dataset/train_CC/3146.java
ERRAI-231,./Dataset/errai_dataset/train_CC/4394.java
ERRAI-151,./Dataset/errai_dataset/train_CC/5473.java
ERRAI-1027,./Dataset/errai_dataset/train_CC/366.java
ERRAI-616,./Dataset/errai_dataset/train_CC/2707.java
ERRAI-227,./Dataset/errai_dataset/train_CC/5352.java
ERRAI-276,./Dataset/errai_dataset/train_CC/3880.java
ERRAI-282,./Dataset/errai_dataset/train_CC/5110.java
ERRAI-134,./Dataset/errai_dataset/train_CC/5498.java
ERRAI-610,./Dataset/errai_dataset/train_CC/3528.java
ERRAI-333,./Dataset/errai_dataset/train_CC/4735.java
ERRAI-151,./Dataset/errai_dataset/train_CC/5497.java
ERRAI-151,./Dataset/errai_dataset/train_CC/5482.java
ERRAI-426,./Dataset/errai_dataset/train_CC/1058.java
ERRAI-578,./Dataset/errai_dataset/train_CC/44.java
ERRAI-705,./Dataset/errai_dataset/train_CC/3145.java
ERRAI-971,./Dataset/errai_dataset/train_CC/556.java
ERRAI-119,./Dataset/errai_dataset/train_CC/5508.java
ERRAI-1027,./Dataset/errai_dataset/train_CC/373.java
ERRAI-1023,./Dataset/errai_dataset/train_CC/403.java
ERRAI-475,./Dataset/errai_dataset/train_CC/4246.java
ERRAI-51,./Dataset/errai_dataset/train_CC/5555.java
ERRAI-462,./Dataset/errai_dataset/train_CC/4283.java
ERRAI-938,./Dataset/errai_dataset/train_CC/800.java
ERRAI-284,./Dataset/errai_dataset/train_CC/5088.java
ERRAI-47,./Dataset/errai_dataset/train_CC/15.java
ERRAI-916,./Dataset/errai_dataset/train_CC/1031.java
ERRAI-855,./Dataset/errai_dataset/train_CC/2428.java
ERRAI-700,./Dataset/errai_dataset/train_CC/1236.java
ERRAI-331,./Dataset/errai_dataset/train_CC/4399.java
ERRAI-743,./Dataset/errai_dataset/train_CC/2994.java
ERRAI-664,./Dataset/errai_dataset/train_CC/3380.java
ERRAI-259,./Dataset/errai_dataset/train_CC/5237.java
ERRAI-259,./Dataset/errai_dataset/train_CC/5279.java
ERRAI-981,./Dataset/errai_dataset/train_CC/708.java
ERRAI-827,./Dataset/errai_dataset/train_CC/14.java
ERRAI-846,./Dataset/errai_dataset/train_CC/1133.java
ERRAI-993,./Dataset/errai_dataset/train_CC/603.java
ERRAI-980,./Dataset/errai_dataset/train_CC/26.java
ERRAI-259,./Dataset/errai_dataset/train_CC/5168.java
ERRAI-259,./Dataset/errai_dataset/train_CC/5294.java
ERRAI-47,./Dataset/errai_dataset/train_CC/5558.java
ERRAI-539,./Dataset/errai_dataset/train_CC/3948.java
ERRAI-163,./Dataset/errai_dataset/train_CC/5463.java
ERRAI-233,./Dataset/errai_dataset/train_CC/638.java
ERRAI-527,./Dataset/errai_dataset/train_CC/33.java
ERRAI-259,./Dataset/errai_dataset/train_CC/5216.java
ERRAI-1026,./Dataset/errai_dataset/train_CC/30.java
ERRAI-259,./Dataset/errai_dataset/train_CC/5259.java
ERRAI-821,./Dataset/errai_dataset/train_CC/2536.java
ERRAI-315,./Dataset/errai_dataset/train_CC/2550.java
ERRAI-825,./Dataset/errai_dataset/train_CC/2500.java
ERRAI-776,./Dataset/errai_dataset/train_CC/2710.java
ERRAI-805,./Dataset/errai_dataset/train_CC/2567.java
ERRAI-44,./Dataset/errai_dataset/train_CC/5540.java
ERRAI-425,./Dataset/errai_dataset/train_CC/4164.java
ERRAI-703,./Dataset/errai_dataset/train_CC/3148.java
ERRAI-259,./Dataset/errai_dataset/train_CC/5291.java
ERRAI-259,./Dataset/errai_dataset/train_CC/5236.java
ERRAI-401,./Dataset/errai_dataset/train_CC/2943.java
ERRAI-426,./Dataset/errai_dataset/train_CC/4054.java
ERRAI-272,./Dataset/errai_dataset/train_CC/3900.java
ERRAI-846,./Dataset/errai_dataset/train_CC/1130.java
ERRAI-569,./Dataset/errai_dataset/train_CC/1248.java
ERRAI-992,./Dataset/errai_dataset/train_CC/638.java
ERRAI-259,./Dataset/errai_dataset/train_CC/5199.java
ERRAI-980,./Dataset/errai_dataset/train_CC/30.java
ERRAI-668,./Dataset/errai_dataset/train_CC/1515.java
ERRAI-259,./Dataset/errai_dataset/train_CC/5312.java
ERRAI-853,./Dataset/errai_dataset/train_CC/2438.java
ERRAI-779,./Dataset/errai_dataset/train_CC/2648.java
ERRAI-151,./Dataset/errai_dataset/train_CC/5489.java
ERRAI-669,./Dataset/errai_dataset/train_CC/3344.java
ERRAI-259,./Dataset/errai_dataset/train_CC/5169.java
ERRAI-151,./Dataset/errai_dataset/train_CC/5490.java
ERRAI-259,./Dataset/errai_dataset/train_CC/5157.java
ERRAI-338,./Dataset/errai_dataset/train_CC/4868.java
ERRAI-426,./Dataset/errai_dataset/train_CC/3437.java
ERRAI-916,./Dataset/errai_dataset/train_CC/894.java
ERRAI-462,./Dataset/errai_dataset/train_CC/4297.java
ERRAI-1023,./Dataset/errai_dataset/train_CC/399.java
ERRAI-743,./Dataset/errai_dataset/train_CC/2992.java
ERRAI-942,./Dataset/errai_dataset/train_CC/951.java
ERRAI-272,./Dataset/errai_dataset/train_CC/3879.java
ERRAI-259,./Dataset/errai_dataset/train_CC/5172.java
ERRAI-449,./Dataset/errai_dataset/train_CC/3440.java
ERRAI-414,./Dataset/errai_dataset/train_CC/4318.java
ERRAI-971,./Dataset/errai_dataset/train_CC/27.java
ERRAI-457,./Dataset/errai_dataset/train_CC/4342.java
ERRAI-284,./Dataset/errai_dataset/train_CC/5093.java
ERRAI-668,./Dataset/errai_dataset/train_CC/3339.java
ERRAI-99,./Dataset/errai_dataset/train_CC/5516.java
ERRAI-408,./Dataset/errai_dataset/train_CC/4164.java
ERRAI-916,./Dataset/errai_dataset/train_CC/15.java
ERRAI-624,./Dataset/errai_dataset/train_CC/3331.java
ERRAI-612,./Dataset/errai_dataset/train_CC/3246.java
ERRAI-554,./Dataset/errai_dataset/train_CC/3899.java
ERRAI-504,./Dataset/errai_dataset/train_CC/4164.java
ERRAI-593,./Dataset/errai_dataset/train_CC/3785.java
ERRAI-191,./Dataset/errai_dataset/train_CC/5427.java
ERRAI-1026,./Dataset/errai_dataset/train_CC/390.java
ERRAI-259,./Dataset/errai_dataset/train_CC/5200.java
ERRAI-431,./Dataset/errai_dataset/train_CC/4504.java
ERRAI-401,./Dataset/errai_dataset/train_CC/2943.java
ERRAI-775,./Dataset/errai_dataset/train_CC/2714.java
ERRAI-913,./Dataset/errai_dataset/train_CC/564.java
ERRAI-1026,./Dataset/errai_dataset/train_CC/381.java
ERRAI-825,./Dataset/errai_dataset/train_CC/14.java
ERRAI-649,./Dataset/errai_dataset/train_CC/2550.java
ERRAI-554,./Dataset/errai_dataset/train_CC/3913.java
ERRAI-338,./Dataset/errai_dataset/train_CC/4866.java
ERRAI-315,./Dataset/errai_dataset/train_CC/2477.java
ERRAI-694,./Dataset/errai_dataset/train_CC/3002.java
ERRAI-259,./Dataset/errai_dataset/train_CC/5290.java
ERRAI-315,./Dataset/errai_dataset/train_CC/2550.java
ERRAI-29,./Dataset/errai_dataset/train_CC/5573.java
ERRAI-51,./Dataset/errai_dataset/train_CC/5557.java
ERRAI-1022,./Dataset/errai_dataset/train_CC/411.java
ERRAI-566,./Dataset/errai_dataset/train_CC/913.java
ERRAI-769,./Dataset/errai_dataset/train_CC/2708.java
ERRAI-700,./Dataset/errai_dataset/train_CC/2942.java
ERRAI-658,./Dataset/errai_dataset/train_CC/3353.java
ERRAI-517,./Dataset/errai_dataset/train_CC/4013.java
ERRAI-941,./Dataset/errai_dataset/train_CC/34.java
ERRAI-30,./Dataset/errai_dataset/train_CC/5576.java
ERRAI-259,./Dataset/errai_dataset/train_CC/5193.java
ERRAI-554,./Dataset/errai_dataset/train_CC/924.java
ERRAI-259,./Dataset/errai_dataset/train_CC/5311.java
ERRAI-1022,./Dataset/errai_dataset/train_CC/406.java
ERRAI-424,./Dataset/errai_dataset/train_CC/2947.java
ERRAI-151,./Dataset/errai_dataset/train_CC/5486.java
ERRAI-971,./Dataset/errai_dataset/train_CC/553.java
ERRAI-1000,./Dataset/errai_dataset/train_CC/624.java
ERRAI-47,./Dataset/errai_dataset/train_CC/547.java
ERRAI-832,./Dataset/errai_dataset/train_CC/2466.java
ERRAI-259,./Dataset/errai_dataset/train_CC/5217.java
ERRAI-798,./Dataset/errai_dataset/train_CC/2594.java
ERRAI-338,./Dataset/errai_dataset/train_CC/1476.java
ERRAI-670,./Dataset/errai_dataset/train_CC/3292.java
ERRAI-99,./Dataset/errai_dataset/train_CC/5518.java
ERRAI-277,./Dataset/errai_dataset/train_CC/1336.java
ERRAI-235,./Dataset/errai_dataset/train_CC/5383.java
ERRAI-1022,./Dataset/errai_dataset/train_CC/413.java
ERRAI-775,./Dataset/errai_dataset/train_CC/2716.java
ERRAI-624,./Dataset/errai_dataset/train_CC/3332.java
ERRAI-726,./Dataset/errai_dataset/train_CC/2714.java
ERRAI-259,./Dataset/errai_dataset/train_CC/5161.java
ERRAI-527,./Dataset/errai_dataset/train_CC/2811.java
ERRAI-259,./Dataset/errai_dataset/train_CC/5288.java
ERRAI-259,./Dataset/errai_dataset/train_CC/5249.java
ERRAI-813,./Dataset/errai_dataset/train_CC/2557.java
ERRAI-1022,./Dataset/errai_dataset/train_CC/414.java
ERRAI-527,./Dataset/errai_dataset/train_CC/2799.java
ERRAI-938,./Dataset/errai_dataset/train_CC/15.java
ERRAI-554,./Dataset/errai_dataset/train_CC/3922.java
ERRAI-259,./Dataset/errai_dataset/train_CC/5265.java
ERRAI-320,./Dataset/errai_dataset/train_CC/4951.java
ERRAI-307,./Dataset/errai_dataset/train_CC/4980.java
ERRAI-259,./Dataset/errai_dataset/train_CC/5254.java
ERRAI-259,./Dataset/errai_dataset/train_CC/5195.java
ERRAI-259,./Dataset/errai_dataset/train_CC/5250.java
ERRAI-259,./Dataset/errai_dataset/train_CC/5211.java
ERRAI-259,./Dataset/errai_dataset/train_CC/5264.java
ERRAI-797,./Dataset/errai_dataset/train_CC/14.java
ERRAI-259,./Dataset/errai_dataset/train_CC/5138.java
ERRAI-259,./Dataset/errai_dataset/train_CC/5182.java
ERRAI-891,./Dataset/errai_dataset/train_CC/1125.java
ERRAI-653,./Dataset/errai_dataset/train_CC/2508.java
ERRAI-855,./Dataset/errai_dataset/train_CC/2423.java
ERRAI-517,./Dataset/errai_dataset/train_CC/4012.java
ERRAI-527,./Dataset/errai_dataset/train_CC/3068.java
ERRAI-832,./Dataset/errai_dataset/train_CC/2459.java
ERRAI-826,./Dataset/errai_dataset/train_CC/2508.java
ERRAI-981,./Dataset/errai_dataset/train_CC/706.java
ERRAI-617,./Dataset/errai_dataset/train_CC/555.java
ERRAI-338,./Dataset/errai_dataset/train_CC/4861.java
ERRAI-259,./Dataset/errai_dataset/train_CC/5176.java
ERRAI-1023,./Dataset/errai_dataset/train_CC/397.java
ERRAI-527,./Dataset/errai_dataset/train_CC/2783.java
ERRAI-813,./Dataset/errai_dataset/train_CC/2558.java
ERRAI-259,./Dataset/errai_dataset/train_CC/5143.java
ERRAI-462,./Dataset/errai_dataset/train_CC/4287.java
ERRAI-259,./Dataset/errai_dataset/train_CC/5202.java
ERRAI-416,./Dataset/errai_dataset/train_CC/4535.java
ERRAI-47,./Dataset/errai_dataset/train_CC/5556.java
ERRAI-653,./Dataset/errai_dataset/train_CC/2508.java
ERRAI-597,./Dataset/errai_dataset/train_CC/1490.java
ERRAI-91,./Dataset/errai_dataset/train_CC/5528.java
ERRAI-669,./Dataset/errai_dataset/train_CC/32.java
ERRAI-554,./Dataset/errai_dataset/train_CC/3916.java
ERRAI-44,./Dataset/errai_dataset/train_CC/5539.java
ERRAI-30,./Dataset/errai_dataset/train_CC/5579.java
ERRAI-73,./Dataset/errai_dataset/train_CC/5528.java
ERRAI-624,./Dataset/errai_dataset/train_CC/3326.java
ERRAI-539,./Dataset/errai_dataset/train_CC/3946.java
ERRAI-475,./Dataset/errai_dataset/train_CC/4248.java
ERRAI-538,./Dataset/errai_dataset/train_CC/708.java
ERRAI-971,./Dataset/errai_dataset/train_CC/562.java
ERRAI-315,./Dataset/errai_dataset/train_CC/2477.java
ERRAI-981,./Dataset/errai_dataset/train_CC/710.java
ERRAI-588,./Dataset/errai_dataset/train_CC/2891.java
ERRAI-527,./Dataset/errai_dataset/train_CC/2814.java
ERRAI-284,./Dataset/errai_dataset/train_CC/5094.java
ERRAI-670,./Dataset/errai_dataset/train_CC/3300.java
ERRAI-51,./Dataset/errai_dataset/train_CC/547.java
ERRAI-825,./Dataset/errai_dataset/train_CC/2498.java
ERRAI-747,./Dataset/errai_dataset/train_CC/2964.java
ERRAI-746,./Dataset/errai_dataset/train_CC/2958.java
ERRAI-151,./Dataset/errai_dataset/train_CC/5495.java
ERRAI-30,./Dataset/errai_dataset/train_CC/5580.java
ERRAI-777,./Dataset/errai_dataset/train_CC/2705.java
ERRAI-604,./Dataset/errai_dataset/train_CC/3713.java
ERRAI-348,./Dataset/errai_dataset/train_CC/1040.java
ERRAI-1020,./Dataset/errai_dataset/train_CC/28.java
ERRAI-782,./Dataset/errai_dataset/train_CC/1509.java
ERRAI-315,./Dataset/errai_dataset/train_CC/5013.java
ERRAI-475,./Dataset/errai_dataset/train_CC/4250.java
ERRAI-756,./Dataset/errai_dataset/train_CC/2726.java
ERRAI-554,./Dataset/errai_dataset/train_CC/3904.java
ERRAI-338,./Dataset/errai_dataset/train_CC/1381.java
ERRAI-980,./Dataset/errai_dataset/train_CC/31.java
ERRAI-400,./Dataset/errai_dataset/train_CC/4609.java
ERRAI-382,./Dataset/errai_dataset/train_CC/4164.java
ERRAI-338,./Dataset/errai_dataset/train_CC/4869.java
ERRAI-44,./Dataset/errai_dataset/train_CC/5542.java
ERRAI-350,./Dataset/errai_dataset/train_CC/4757.java
ERRAI-211,./Dataset/errai_dataset/train_CC/5443.java
ERRAI-338,./Dataset/errai_dataset/train_CC/4865.java
ERRAI-307,./Dataset/errai_dataset/train_CC/4987.java
ERRAI-320,./Dataset/errai_dataset/train_CC/4950.java
ERRAI-259,./Dataset/errai_dataset/train_CC/5210.java
ERRAI-41,./Dataset/errai_dataset/train_CC/5528.java
ERRAI-985,./Dataset/errai_dataset/train_CC/33.java
ERRAI-554,./Dataset/errai_dataset/train_CC/3889.java
ERRAI-462,./Dataset/errai_dataset/train_CC/4306.java
